Close,High,Low,Open,Volume
QQQ,QQQ,QQQ,QQQ,QQQ
209.6380615,209.6380615,207.5238284,207.9311545,30969400
207.7177734,208.96886,206.8449341,206.8643348,27518900
209.0561066,209.0852002,205.8362855,206.0884355,21655300
209.0270538,209.6186496,208.3675778,209.1337355,22139300
210.5982056,211.5583409,208.6682568,208.9979948,26397300
212.3826752,212.7900012,211.1412963,212.3341808,23547000
211.8395844,213.2361394,211.4613519,213.2167535,21898500
214.2835388,214.3126325,212.3729761,212.7124219,22756900
213.4397888,214.5356994,213.1100508,214.1768529,24418100
213.5270538,214.5259756,212.8287764,213.5561475,25742100
215.5734406,215.612242,214.1380988,214.5939193,18805000
216.640213,216.814775,215.4182201,216.5432243,24325200
216.5432587,217.0863601,215.9419699,216.0389438,21146300
217.1154175,218.3567963,216.8438668,217.639133,20736400
217.8137207,217.9107094,215.9807459,216.9893756,26496100
215.9807129,219.0647739,214.9817911,218.8320098,37436500
211.5195007,212.6638907,210.6272459,211.102467,42264400
214.7684326,215.2630544,212.450544,213.0130461,26731900
215.117569,216.2037717,214.1671416,215.9613147,28924500
215.8837433,215.9807172,213.0615399,213.7307237,39568100
212.4602814,216.8148007,211.7038017,216.7857071,52015800
215.6703796,216.1649866,213.352491,213.4979593,25408600
220.6067963,220.9850286,217.871874,218.6186457,30691200
221.3341827,223.3029327,220.0055229,223.2641461,38534800
223.2447662,223.3029536,221.1014393,221.8869978,22467100
222.2846069,223.4871992,221.6445168,222.2458203,25884900
224.9710388,224.9807318,221.4893593,221.5475466,21478900
225.0098114,226.9591753,224.4182157,226.2124036,30198000
227.2016296,227.3083113,225.7759812,226.3384832,24471300
226.9107056,227.8417324,225.3492816,225.6208323,22773200
227.5604858,227.7738492,226.5033767,227.2695344,23438500
227.6477661,228.0744929,226.2124245,226.4548816,24394500
229.8298645,230.3050856,228.7339688,229.0055195,22230500
227.6962585,229.8007839,224.8837627,229.3255776,42604000
223.3222961,226.9494434,222.4009625,226.5615181,66017200
214.7102966,217.4840063,213.6143859,214.9915403,84522600
208.8719177,217.2318478,208.260936,216.5141695,97743000
209.9483948,213.6337447,208.4160645,210.1714659,79537700
199.4354858,209.8902335,199.2997105,204.5367772,121822600
199.5906067,200.9192663,192.1908143,192.6466346,148173700
209.890213,210.0356961,199.7264178,202.577715,112933900
203.1596069,212.9839713,201.3557259,210.5594008,131953500
211.63591,211.7425917,204.992581,206.8837578,73086200
205.2059479,209.8320326,203.7609133,206.2727648,78705500
201.7436523,202.8395481,196.78783,198.4947222,89828400
187.7296448,195.090637,186.3136891,187.642349,116424000
197.9516449,198.1359146,187.8363285,195.0421601,100599200
189.329834,194.6929819,186.9149568,193.3352286,89168800
171.9699554,185.0238356,171.601416,176.5960256,137820700
186.5367432,188.6121748,172.7554934,181.4257595,134882000
164.191925,179.1078734,164.0561497,168.8955832,92054400
176.644516,178.8266295,164.6574383,170.1757634,121257100
171.2716827,173.8126281,161.7673625,166.4322342,114156300
172.2996826,177.9537828,166.4516197,170.3891199,120896500
165.5496521,177.3524582,164.9677641,176.2565625,118983900
165.6691742,169.3137793,160.294583,166.1162374,124639800
178.4982147,178.6634351,172.9486885,174.853609,94881800
177.1764526,184.1838069,174.9216492,179.2368652,88754900
186.5066071,187.3035679,178.4496057,178.702293,79887600
180.0921173,185.1556811,179.4701052,181.6762958,58845000
186.6426849,187.0800495,181.1028871,181.8026526,49356900
185.0487671,189.7624629,183.8824963,186.3316754,62659300
177.186142,182.3857852,175.7768974,179.5770097,53715400
180.7821808,184.7572425,175.8838366,176.1462524,56465300
178.2163849,181.8124083,176.1948415,180.3351237,47487600
190.9579315,192.0950469,183.8728233,185.1265613,64763500
190.8801422,196.9642135,190.4913902,196.6823556,69904500
194.9329681,195.5160962,190.6566217,192.5809694,45940400
195.2148132,197.5084858,193.4362438,196.662942,68252600
197.3238373,197.7028757,193.1641279,194.3789967,42853900
205.9056854,206.5276977,200.618574,201.4058066,63959600
203.5439758,205.8765329,201.2989006,202.6206785,47036000
207.2566071,208.3451247,203.7966633,205.7404532,64657400
209.2392273,210.4249402,206.1194533,210.0944995,62863200
206.7609558,209.8127056,206.5957354,207.363526,38249100
199.1315613,205.2253469,197.9069789,204.6810881,72932800
205.0406799,206.3818997,202.4748778,203.2232411,40089100
204.6033478,208.4131746,204.1951536,205.8376438,43278500
207.8300018,208.27708,203.6119815,205.0406682,34231900
209.5016174,210.5415519,208.4714114,210.1139158,36451700
205.5557861,211.212222,205.2739431,211.212222,46862800
212.8450012,213.7877405,209.093486,210.1139787,48716400
212.7574921,213.8557231,211.2413386,213.7682561,43359500
206.7609558,210.5804962,205.7307346,208.4714857,48795000
209.1712341,209.3947658,205.1864589,205.5169144,32841000
211.5426788,213.9529744,210.7554462,211.3288607,37783100
212.8450012,214.8276605,211.9800153,213.2337533,36455200
215.5857544,216.4701676,214.2250925,215.5857544,38624800
218.5402985,218.6763632,216.2271837,217.2671185,31852300
220.4937897,221.5239959,216.9755349,217.208795,35714100
215.8772736,221.6892153,215.8481179,221.0963588,41054100
213.175415,218.2973051,210.6193416,216.4021131,65521200
215.595459,215.6343283,209.919596,211.8439439,51549300
216.9949799,217.0532912,212.1938166,212.6311664,55747200
221.0380554,222.2529241,219.1331497,219.9203822,42398100
220.4841003,223.3900717,220.338322,221.3004886,36237300
224.8867645,225.2463609,223.0304417,223.0498837,37417000
222.437561,225.6156612,221.922458,224.9353378,43642900
223.2053833,223.4094729,221.1060868,222.029384,28762400
222.6027679,227.0054648,222.3597943,226.8013604,33055300
223.8176727,223.9343102,217.6461489,222.2626498,55665600
223.5261383,226.9083288,222.6125546,222.670866,42784300
226.8013916,227.0346517,222.3306692,223.905149,50691800
227.4817505,227.860789,225.4796491,225.9267273,25776000
229.0075989,229.0659102,225.4893293,227.9093529,33383400
230.037796,230.7958728,228.7354605,229.6198735,37228700
228.4244537,231.1068783,227.1123897,229.6879201,38716100
232.9535065,233.546363,229.0076153,229.5810298,47365600
234.7612,234.8875362,231.2235034,232.8076818,32937300
236.4620514,237.3173089,233.7115868,233.8962492,35046300
239.2999725,240.8550104,237.6380257,238.1628572,58084400
227.4428558,236.7438826,227.3845445,235.35408,72919400
229.2505951,233.6435498,225.2269504,232.3703697,72034800
232.039917,232.7202405,224.964523,225.9072623,45307400
236.0246582,237.5213697,232.3800527,236.9285132,48890100
236.773056,238.6002234,235.9080701,237.5311329,34749300
237.4144592,237.6574329,235.6747741,236.452278,30578600
237.3755951,240.0580194,235.6358951,239.7956037,49422100
240.2223663,240.3489223,236.9511202,237.2431838,24068700
242.2669373,244.5159167,241.273891,241.8288269,32767400
237.2724152,242.7439583,235.7633554,241.5075011,46032400
239.5311279,239.8329369,234.7702976,237.3600374,36940800
233.8746185,239.4630025,233.3488742,239.2877494,52824600
236.4253693,236.4351146,231.0803973,233.6311852,34377800
241.0596771,241.6048824,236.1722758,236.3572593,38909200
243.8733215,244.8761129,240.553393,241.0985982,34689200
245.5283966,247.5534551,245.06108,246.3364739,31956500
251.564621,252.0903354,248.6827882,248.7022641,34589000
249.8316193,253.988846,249.5298103,251.3114874,36578200
253.1223297,253.1515361,249.7245279,251.1654443,30426300
255.2545471,255.9263232,250.8247466,255.0501026,40312900
256.9972229,257.2503645,252.4116461,255.1084657,32885300
251.7106934,262.6635254,250.8831401,259.8595957,64108100
253.4923401,253.9012589,246.0833571,249.16962,72230500
254.0083313,255.7510568,250.6884027,254.9137583,54523900
252.2753448,252.9179145,248.8677973,251.2043954,47594100
252.5674286,253.4339038,250.3768624,252.7329214,35137900
259.7329712,260.3657954,251.9540376,253.2099407,40610100
257.0264282,261.3199414,256.1794141,261.3101961,43243800
257.9318848,258.8665478,255.6147476,257.5229957,29865500
251.1946869,258.2336877,249.7732313,257.5229897,51363500
248.8094025,250.1432093,244.6814112,247.329549,54054500
253.2489166,253.6383447,249.6758764,250.4644779,36445700
250.0263672,252.986074,249.7343036,252.4603297,31302400
252.9081421,253.7746469,251.0972884,251.5743355,27556900
254.2322845,254.7969508,249.7732481,250.9318168,41774500
258.769165,258.9249422,253.9596528,258.8859905,53686300
262.2643433,263.013993,260.7942203,260.9207912,32081600
263.2379456,263.33531,261.0084273,261.7580772,24911300
263.8902283,264.3478145,262.8290241,263.7247354,21612100
267.3854065,267.7164218,263.0529412,263.6955109,28048200
264.2991638,267.6190928,262.1378036,266.8402068,44969400
263.1697693,264.7956694,259.6259352,264.5911951,35088400
258.1850586,263.2963808,257.6398533,262.0014959,43104300
264.6788025,265.6329265,260.3074154,260.3561124,38773400
265.2824707,267.5703718,264.338092,265.4577089,31895700
264.9709473,266.1781834,263.5689822,265.9055807,30799500
268.0475159,268.5537695,265.0099344,266.694218,24803000
270.6274719,271.1045192,267.6483037,269.1184268,23529500
268.8068237,271.6496753,268.2908249,270.5884712,31999400
272.535614,273.0224065,267.5995314,268.0084502,27723400
274.4244385,274.8820247,272.0780947,272.7304098,34748900
276.13797,278.4453621,273.8402935,277.7151732,36418500
278.30896,278.5036888,274.9111582,275.358999,34866600
284.2478638,284.5010054,278.2797831,279.5649224,42216700
283.361908,286.0879638,281.0837226,285.2312043,49482700
284.8027954,285.4356197,283.2450536,284.6080665,28021000
287.0907898,288.9113892,284.8904779,285.3286031,36321000
291.9975586,292.114384,287.9766487,289.7582958,36216200
294.7625732,295.4830166,289.0476346,295.2688267,50836800
279.8181458,290.7320283,276.8973899,290.2257747,110083300
276.0891724,281.2978571,264.6203443,278.016881,123959000
262.8192444,270.8707805,262.5368965,265.0292713,99568600
270.5398254,272.6524884,265.7887255,268.3590044,64837900
265.1460876,274.7456495,263.4131078,273.5189231,69667500
263.3060913,267.9500813,259.8498465,266.9083382,71809000
267.8917236,269.8973069,265.7498242,267.1128376,38525200
271.6886597,273.0419572,267.8624773,271.6594533,41849900
267.3561401,272.9542534,267.0056638,272.4869517,42321000
263.1794434,267.1516562,259.6355805,260.4825945,81570800
259.8206787,264.9027947,255.692687,264.610731,86251100
260.4437561,260.5800426,253.2392027,255.5368789,57168600
265.2824707,265.866598,259.499373,262.8582237,41128900
257.182251,265.1461702,256.2962849,264.9611866,48837300
258.3797913,261.6023559,254.3199279,254.4854504,70631700
264.3867493,265.2045571,257.3185124,258.8859998,55242400
269.8778076,269.8778076,264.4938831,269.2741599,58438300
268.6607971,270.3742865,268.0961012,269.3130824,27050000
270.5008545,273.6650058,268.5828908,268.8554935,49380800
274.7943726,275.4077359,272.4480291,274.3465318,50020200
267.0641479,274.7846713,266.2171336,268.7289703,75497400
272.7595825,273.0808525,268.9334005,269.0404806,28184600
267.8917236,273.7624416,267.0057575,272.0684127,49704200
272.526001,273.3243183,269.9557216,270.5496241,27539700
273.9765625,275.0085602,272.905613,274.9404022,25443300
278.1629639,278.2408673,275.2422088,275.6316369,30201100
286.7500305,289.6026279,281.8236921,282.875151,79370700
286.7402649,289.2034339,285.3675064,288.5608939,64240000
284.3452454,288.5219335,282.5928042,287.5483485,36949100
282.4370422,283.0309149,278.9710817,279.6136514,42514200
280.8890991,285.5233449,280.538593,284.0921733,40570700
276.3034058,283.780561,275.3201051,282.8166917,36756800
276.8973083,280.0225078,275.4758826,277.0433402,32195400
276.683136,279.7304619,276.1963435,277.1504675,29306100
276.6733093,278.4257797,273.4020788,277.5203233,32196200
277.2185669,277.3840894,274.3367638,277.2477733,24658500
273.0614014,277.7638041,269.4494091,274.9209524,38421100
275.1936035,276.0211569,272.7985922,274.0642411,30559100
264.4646301,271.2797248,264.2114885,270.6663615,53413500
269.0892334,272.1073238,265.3214336,265.7887652,43246300
262.2643433,267.9695373,260.0153642,267.0933167,65838300
262.8484497,266.2949187,259.9179498,264.6690486,39987400
267.3951111,269.5078036,263.6857547,264.7761651,43604100
279.3312378,281.1420914,274.4243617,276.0989289,75728200
286.6137085,287.5872935,284.286826,285.7764099,52054200
286.8278809,287.5580697,282.1741455,285.9516602,40959800
280.9668579,291.2381963,280.5092718,289.7875346,86537100
275.9335022,279.0879084,273.2074461,277.6372761,69024900
282.1060181,282.5830652,275.8945406,278.4745351,36102900
280.7819519,284.3550225,279.6623349,283.0796283,34414600
283.2450256,283.8681342,280.2658585,282.5051214,24806900
285.4551086,285.7569176,282.3298797,282.9432429,30168400
284.5497131,285.9808845,283.9071434,285.6498691,21843500
282.4467773,285.6206745,282.3591582,283.9948039,28069600
284.6568298,284.9683842,281.2200755,281.8918516,22718400
282.7096252,285.3285713,282.6220062,284.5788919,25907300
282.7193604,285.0170067,280.460636,283.7124063,26875600
286.6916504,287.1881884,281.9795013,283.7903556,24516800
288.4537048,289.0962744,286.8083441,287.7624679,23326800
291.1116638,292.241026,290.030969,290.4301424,17163100
291.7055664,292.0463271,286.993418,291.4329638,27836200
295.4441833,297.0798292,292.8836493,293.9935508,27521300
295.8238525,296.1646133,292.4163045,294.2661104,23620000
296.2424622,297.8002042,295.5122734,296.1353821,22828700
297.449707,297.5957686,295.6096467,296.2911384,19332100
299.1339722,299.5039392,297.4496595,297.634643,20851000
300.1465759,300.4483849,296.8948051,298.6569918,18341500
293.3508606,300.2146222,292.2799113,299.932304,48839300
294.5289307,295.6582929,290.2159561,291.3063666,27519500
293.8766174,294.0031882,290.5858956,292.8640808,26760400
296.0087585,297.965644,295.0059673,295.0740957,28804800
299.1729126,299.1729126,296.07689,298.2772014,25709000
300.8182983,301.6068998,298.5206223,299.5721108,25461900
302.7848816,303.0185324,301.2174243,302.42466,23730500
301.8697205,303.7390165,299.4844257,303.4274622,41173400
301.3050842,301.8415147,296.116216,298.9057022,37095500
302.1243896,303.0509542,299.2861179,302.2121676,26176300
300.6028442,302.5340179,300.4467847,302.1731433,21201300
301.9292908,302.3779434,300.7881481,300.866163,16785000
304.9723816,305.4503233,302.7095628,304.5529883,22497700
305.2454224,306.932788,304.3383543,306.3085499,25871900
305.2553101,306.7378314,304.6310717,306.415979,18138100
306.0062256,306.4939005,304.0750521,305.1576761,21611400
301.6853638,307.5179647,297.6571654,307.3423792,45305900
304.1725159,304.4456423,300.6905404,300.6905404,29323400
299.9589844,304.1919975,298.4374416,299.4322873,52809600
307.2156982,308.0544848,302.6022829,302.6315422,30394800
311.165802,311.5169434,307.3131589,309.5174587,33955800
306.6694641,309.3711721,306.0159667,308.1910073,32746400
306.1817627,307.8008169,303.5288106,306.7084301,29266800
308.2495117,309.0492758,305.8403969,306.4451089,22898400
306.6011658,309.7027705,306.1232242,308.6981615,23500100
304.1725159,307.3521651,302.9240696,306.3865785,35118700
308.6104431,309.1176143,305.4015338,306.5036839,24537000
315.7889709,316.7350614,308.7079522,312.2484764,30728100
318.3151245,319.0661629,315.7499797,317.1349597,25130600
317.3983154,318.4126577,316.7057957,317.2715152,21609400
320.0219727,322.1775169,313.4871476,320.8022703,39080600
320.4902039,321.6313763,319.1539793,320.7438043,25498100
311.5559692,318.2273581,309.5369881,318.2176248,55264000
313.3993225,318.3736111,312.1411133,312.7653513,42836300
306.8060913,312.8142508,305.0504732,311.7023376,55259000
314.4722595,315.5646464,308.2299977,310.268475,35646000
319.6025391,320.7632074,317.2909654,317.4567879,33930800
318.3346558,322.0604989,318.2761372,321.6898613,24824500
322.0994263,322.1872042,318.4126062,319.739097,22350900
323.191864,324.206236,321.4069871,323.0553305,22732000
325.3571472,325.5132067,323.240655,324.8889984,20462800
325.2888489,326.5567914,324.4110104,324.4207735,17597500
324.5476379,327.1908275,321.3777512,326.7324119,28068700
326.332489,326.742149,323.9331371,326.0886516,22046100
328.1564026,328.3221954,324.4305598,325.4839243,20346800
327.2689514,329.853623,326.0985195,328.9562879,27080800
325.6985168,327.3858825,322.0312222,324.2745146,31360300
324.2745056,325.6399892,320.265803,322.0897319,32236200
322.860199,325.7569883,321.8360938,325.6301881,39157700
314.4917908,319.7196514,314.2869756,318.4517086,47256900
313.555481,315.2330839,303.3338038,309.1859029,97241900
316.1401672,316.4522863,308.1715455,310.883017,58206300
305.1186523,316.0425816,303.5678498,313.4676737,110182600
306.3963623,311.2438216,303.2167128,308.0642019,104739800
315.6134338,315.9548122,310.1027135,311.3999156,49164500
310.5513916,316.3352092,310.2978209,316.2571943,48370000
301.5391235,310.3952859,301.4806049,309.4491955,86301100
296.6038513,304.3481304,292.7121858,301.1684808,139131600
301.0709229,301.9779909,290.1177653,299.2372607,121523700
292.5464478,302.4169839,292.1270544,300.5248027,88409800
304.0847778,305.9964848,299.3543554,299.8907859,80391100
303.2166748,308.6688753,302.524185,308.3665193,76798100
310.2003174,311.9754317,307.0889486,307.9862539,53484800
307.6838074,310.3855451,303.7141567,306.1232419,69315600
310.9707336,311.1365562,306.3573486,308.005692,42955700
312.6775818,316.2083726,311.2340833,313.1750196,54925900
313.9651489,315.8670933,307.8984709,309.6248594,78258700
304.3481445,310.0441835,303.889729,309.0590707,82718100
305.4210205,306.971823,302.0267928,304.1823073,78446200
311.1486816,313.2288054,307.8283098,307.8283098,56194800
309.7912292,313.5705954,308.9709042,312.2424587,53455400
304.5665894,311.2073641,304.420108,311.1682925,64803700
304.0391541,305.5626489,300.1914497,302.7110173,78729000
308.599823,308.9220819,302.4180738,303.8243241,63519600
308.5118713,309.5665663,305.1524285,308.0626522,54608000
306.9591064,307.535286,304.244211,306.5391835,44635700
311.6564941,313.2287762,308.414236,308.7560456,55032500
316.9691467,317.1058527,315.2503533,315.5042741,55685600
323.2973633,324.0688712,319.2250342,319.4691797,42172500
323.0727234,325.0356321,322.2914402,322.9848346,33537200
323.8539734,324.693849,321.6566649,322.5941748,32046400
327.2329102,327.418463,325.9242945,326.7250985,29940800
329.2154236,329.4205272,325.1235739,325.8657557,36664900
328.7857056,329.2056285,326.8911351,328.1704545,25833000
332.6236877,333.0924278,330.1040906,330.3189397,30374000
328.6295471,332.9948689,327.809222,332.8679085,42564300
333.6099548,334.0006112,328.3461966,331.5200862,36342800
334.0007019,334.2155511,332.1158767,334.1374078,40860100
330.9439697,333.5807221,329.0103275,332.4186174,34533100
328.5317993,331.5689536,326.54934,330.2798886,38081800
331.3443604,331.5299132,326.1489394,327.2427059,36598100
327.3501892,331.9401052,326.1880546,330.953778,45936100
331.4713745,332.789736,327.9849707,327.9849707,36381900
333.6296082,333.9128252,330.9635294,331.7155164,30812000
332.1842041,334.1373672,331.2271733,333.922518,33187200
331.0611572,332.8678391,330.4068345,331.8521859,33615700
332.252594,334.7721614,329.0103359,334.3522385,37708900
330.0748596,332.2917193,329.1568704,329.7916724,38263400
328.3170166,332.0377906,327.8677973,331.2858334,29729700
322.4086609,326.0708419,318.5706726,325.7485532,65147000
321.324707,325.3384737,320.5434535,324.4693016,46219300
323.7466125,323.9028692,318.8051115,321.0610128,46814300
326.3736267,328.7662341,323.922397,326.5396289,53324500
318.1312866,325.1626575,317.926183,324.9868799,60700500
317.6917419,318.492546,311.5490356,312.2131337,71963600
309.4690247,315.0648194,308.5998525,312.7308043,91164900
311.8615417,314.8498788,309.4786804,312.4279757,69877800
318.746521,319.6644804,314.5374264,315.0452679,44370000
316.8128357,318.7269273,313.9221625,317.0276848,39395000
314.6741028,319.0003518,314.4006611,317.7698794,36528500
315.0354309,315.3381688,308.8927248,309.2443096,66319100
321.129303,321.9886995,316.3050175,316.5296122,46466100
319.3519592,323.1117746,318.9906288,322.6918516,50330400
324.7231445,325.8559827,319.2445065,321.6566641,32475800
325.1724243,326.9693311,323.9907688,326.2466702,31280300
326.3052368,326.7739769,325.1528776,325.8462422,25444900
325.0845032,326.7056323,324.8794294,325.856011,27931700
326.1098633,327.7114713,325.7876045,326.2954162,29927400
325.0259094,327.9263581,323.6684466,327.4478128,31145400
325.6606445,326.5102657,323.9321059,325.4457954,22047900
322.2719727,324.0884004,320.5922509,322.8090807,37057800
327.7408142,328.1900334,324.0102651,324.0786329,38736500
328.7173767,328.7759692,326.5102927,327.2036573,32611900
328.8735962,331.3443462,327.1840995,330.4751744,27282800
328.9516907,331.0318139,328.7661378,330.2505607,21485300
332.3795776,332.4869873,328.8443568,329.293576,33702100
333.2486267,333.2584021,331.7349375,332.3892303,21222800
336.4421387,336.4518842,332.4869653,333.678396,27827700
334.244812,336.4030489,333.5221214,336.0905357,35963800
333.0241089,335.7878218,329.5474807,334.713576,55399500
337.252655,338.2683081,331.9595999,332.0084171,59722700
334.6061401,336.7350808,333.8541533,335.5827217,55414900
336.68573,337.0083925,332.5695605,334.7987483,32992600
339.8242188,340.273959,336.1773331,336.4804222,28941600
339.9904175,341.1441432,339.1495974,339.7655623,27188500
342.0924988,343.6274877,341.3885432,341.9360609,32581600
341.6721191,342.904049,341.0659409,342.6596204,28682800
345.8273621,345.9642564,342.9040055,342.9626659,39130300
347.0788269,347.1081571,344.8105522,345.6513722,29426000
346.53125,347.3134393,345.9446155,346.9223297,32724000
346.6681824,347.1765831,344.8202879,346.1793252,29290000
350.6474915,350.9701241,348.3400701,348.574712,32727200
352.1629639,352.4465094,348.5454085,351.2536966,38842400
352.9060364,354.6756971,350.9408208,354.372608,35265200
350.7746582,351.6350518,346.5216235,347.8121841,50890000
352.9647217,353.4437922,349.6013814,350.1880161,35184500
354.3432617,354.8027887,352.7886696,354.372592,25717700
354.3432617,357.3252787,353.4828683,353.9619388,39723000
354.9788208,357.3448732,354.1477575,356.6995781,35336400
352.4855957,355.0961064,350.4715064,354.8907947,53391600
349.6306152,354.3334183,349.2786226,353.3459174,47262000
346.7659607,347.2645747,344.1945672,346.1597527,64404600
350.79422,352.2510051,345.915404,347.7046383,42183700
353.5023804,353.5023804,350.1390408,350.3639258,30259900
355.8392334,355.8489903,353.7077929,353.7077929,30252200
359.9944763,360.277992,355.8098596,357.1688672,31960800
360.2779846,360.6690943,358.4301198,359.3002702,28438100
356.3084412,360.013987,352.1336115,360.013987,57933100
357.6773071,359.2612298,355.14503,357.4524519,42066200
358.3127136,359.4859528,357.1101144,357.1101144,25672500
356.445282,357.0319165,354.3334157,354.3627459,36484600
356.4747009,358.7038887,355.7609586,358.1172541,27334100
358.635437,358.752758,353.9326329,357.1395351,35558500
359.153717,360.1118882,357.4818332,358.5964125,29602200
361.4317017,361.6663436,359.2611745,359.9748869,21443900
359.8478088,361.1383991,358.7332298,360.1606846,33332100
360.5126648,361.0406091,359.202531,360.3073233,25960200
358.6647644,361.3241489,357.4719516,361.0308465,35130800
358.0488281,360.434454,356.709364,359.9358398,34249800
359.3394165,359.7011661,356.1813879,357.5404254,25969200
360.600647,360.9330663,359.1927358,359.6913797,19336200
360.7570801,360.7961672,355.5947491,359.4762766,34856900
357.5795898,358.9679279,355.1353032,357.9902133,44793900
354.13797,358.4496946,353.8055506,357.0417833,38541900
355.8489075,357.5305774,351.9380501,352.1922653,48499400
359.5349121,359.9357786,356.6115259,356.9244016,39486000
364.9124146,365.6065835,360.5713595,360.5811164,34034700
366.026947,366.6331252,365.0394459,365.5087596,21732900
366.4473267,367.0242044,365.5282728,366.2811319,20441900
364.1204224,366.2713762,363.6804389,365.586994,29133300
367.65979,368.1681909,364.2671193,364.7559766,27104700
371.7857056,372.2745628,368.4321223,368.4516957,27295700
371.4825439,372.0984789,369.927952,372.0300615,29628200
372.0985718,374.1811084,371.8932601,372.5483419,28138300
371.9226074,373.7900458,370.7004642,373.4576264,25453400
373.0664978,373.4673643,370.7493194,370.768863,24605400
373.5944824,374.2495643,372.0105897,373.1740723,23970200
372.2940674,373.4184329,370.0160061,373.4184329,32949200
371.0132446,373.6335118,370.7688161,372.518933,29399000
368.1974792,373.4575877,367.8650599,372.7340886,40249400
367.9432373,370.9741578,365.8802743,370.5439611,48741800
366.8971252,370.1724447,365.9389544,369.4391589,41826600
369.6249695,369.9769622,365.0492726,367.3566944,34097900
369.8791504,370.4559983,366.3496156,368.2854711,35193100
365.4989624,369.4489369,364.4528307,369.4000632,60912300
357.9465637,361.4212859,353.2776765,359.6692285,76203200
358.3870239,360.9906312,357.2516142,359.7866985,41927500
361.7345886,363.2027865,358.2011103,359.3071575,46972900
365.0722961,366.1098202,362.2533515,362.8993622,44652000
365.4147949,365.8357009,362.4196742,362.7916224,36056800
362.4979248,363.3788372,359.9334783,362.351111,43338100
352.2402039,362.4490648,351.7312394,357.917253,97701600
351.6626587,355.6659402,351.0362433,353.5126019,58076600
350.370697,354.9906271,349.5289447,353.31689,61384600
352.5436707,353.5909923,346.8666508,350.997182,56375500
345.1438599,351.2515518,342.8926357,350.918764,76766000
349.802948,352.0639697,345.9856405,346.210745,47232900
352.0444336,352.318496,345.6626489,346.5729243,56806500
355.2745056,357.9368388,354.5697695,355.1080967,39411200
353.5027771,356.5957831,352.9644201,356.3608512,41822300
350.7915649,355.4995827,350.7034468,351.9563075,34847200
349.5681458,352.6904858,348.9221351,352.2500444,43905100
352.3674622,353.0428355,349.8519428,351.8878604,40120800
358.8568726,359.0722094,355.313627,355.9792028,43433900
361.1178589,361.2353099,359.0428112,360.080335,40419900
364.7492065,364.9645434,359.2092042,359.8160544,34513500
367.5094604,367.5583884,364.7981995,365.8259259,29091000
367.0298462,368.5861321,365.5420535,367.9694843,31390300
369.2712097,369.4669813,365.9237364,366.2271615,25469300
366.1685181,368.9776649,364.494781,368.008664,36275800
369.9172668,370.8373397,365.6399227,367.5975195,32597800
371.0820313,374.5959138,369.8976936,372.168513,47191300
371.9434204,375.0266296,371.2680471,371.5323119,45760500
376.0739136,376.3284107,373.0787929,373.852052,38007000
377.9238281,378.090237,372.6285552,372.9809083,37310100
379.2158813,379.3431299,376.2697183,378.3643315,30765300
380.8015442,381.2811758,378.5503196,378.5992476,25135300
384.8439636,385.2648398,380.2436289,381.2909205,33748900
389.7770691,390.7363022,385.5682483,386.1163729,40265300
390.1490479,392.4883605,388.7395758,391.5585199,43383800
389.6205139,391.1474371,388.9745033,390.1197107,29256300
386.9385681,391.0984611,385.5682564,390.6971502,50490700
381.2518005,386.9777477,379.3137688,384.1490356,54937400
382.3088379,384.4230459,381.9662525,384.2468693,32243000
386.3317566,386.8700838,381.8586405,383.4638545,34730600
386.2436218,387.839068,383.7868582,387.5160777,33716900
388.9940491,389.4932159,385.3137578,385.5094995,27872900
389.1996155,391.2453006,388.2306146,389.3170665,28703300
393.2322388,393.7412032,389.0234178,391.2550768,45721500
395.4247437,396.7069671,394.0446344,394.876619,45191700
390.834198,400.0446947,390.7265445,396.9712832,61715400
389.0528259,391.7445217,384.5895073,389.6694439,70098700
390.3056946,390.5895246,384.2175668,386.5568796,46954400
382.9059143,389.1114921,381.50621,387.7117878,51533300
391.2159424,392.2339011,386.7624215,387.4965203,54447100
385.4703979,392.6841375,383.4442781,390.3252297,81332700
378.9124146,391.9891761,378.4426105,389.8358078,77766500
381.6433411,383.4345292,376.191426,377.6204635,84416600
375.0070801,384.021806,370.8667516,383.0136448,105349100
378.0119629,379.3822747,371.2582299,375.4964438,67588800
389.3953857,390.0120336,384.6580047,384.697165,56005300
391.1376038,391.3431729,387.8194928,389.7281616,39204000
385.3822632,391.7150893,385.1864916,389.9043065,49973700
389.5715637,389.8358285,385.0201272,388.2110196,52545800
383.9434814,389.8847652,383.5715333,389.5617749,50166400
379.9695129,381.8194262,375.4963975,379.0885706,75199200
388.631897,388.9940775,375.7411386,379.7150578,73858000
378.6384277,390.0316572,377.0429813,389.6009834,82591400
376.7492981,380.9385541,373.6758568,375.2027799,80492500
373.0946655,373.8885024,369.9389082,371.997016,65336800
381.4447021,381.7583249,372.6144847,376.3876479,48899500
386.0901184,386.2959202,380.4842398,381.1506656,37042200
389.000885,390.480738,386.2763512,386.4429427,29595500
395.4299622,395.4299622,390.2748977,390.304298,32820700
393.5973206,396.5080662,392.7152828,396.3316646,33113700
393.5385132,395.0085861,391.1471921,393.7345349,32248500
392.3624268,395.5181842,391.7743917,393.3228552,23850100
389.912323,393.0582705,389.4124887,391.6862085,34752900
393.6658936,393.9207157,388.9616725,391.0883611,40575900
388.5598145,394.2538936,385.4432675,394.2146833,58027200
376.6228638,387.9914329,376.3680416,386.8643531,75739800
376.3582153,379.6217936,372.5458422,374.7901617,70814300
372.2812805,378.0635917,370.4976146,376.3680967,72652300
372.5262146,373.045669,361.9417029,367.3417797,91770500
378.1223145,378.2889059,369.6938915,371.7911797,68295700
379.6217651,382.4149091,377.3284554,380.7096045,54576400
370.1251526,381.699524,369.1843143,381.013478,77994000
372.4282227,372.7614355,367.3809492,367.5867809,80121200
363.1569519,368.7138399,362.3925153,366.5773414,75450900
359.1682434,367.2144345,358.9036111,364.7251026,81791500
354.5031433,366.4107266,353.9641286,362.4121419,88610700
344.6732788,354.9539786,344.3890564,352.2980554,143388900
346.2511292,346.9175849,327.483206,339.0085862,198685800
338.2245483,344.026449,334.8629889,339.7534516,124398400
337.6953125,349.7597069,333.9809204,345.8689132,146559500
334.2945862,344.2616638,333.2655172,342.4289777,95255700
344.7810974,344.9967093,331.2074478,336.1860817,108167900
355.8066101,356.3946452,344.5066516,346.1531559,94326400
358.227356,358.8840017,351.974671,357.1591066,74433000
361.1380615,362.7159552,357.0218758,362.3827423,78777100
346.4961243,354.7089352,345.427875,351.3767764,95384800
350.867218,354.1895673,344.9477159,347.0156042,86318300
348.0446167,353.8464869,346.7803458,351.4649763,58198100
351.9550781,353.0527279,345.7611633,346.8980233,64720900
359.4132385,359.4916293,354.8951989,356.5024929,55766400
351.2787781,359.1779666,349.426502,352.3470274,112468500
340.1356812,352.8861236,338.9008103,351.2788295,101569100
340.5570374,343.9774269,337.0288867,339.5769889,80254400
349.0247192,349.2599213,344.8007121,345.8689615,55128800
348.9364929,349.9655319,343.7128174,346.760784,58947100
338.5578308,346.4080005,338.1363871,345.7023642,61801400
334.6963501,339.8905948,332.3736401,339.4985814,80001500
331.3348083,337.1759194,327.6792463,331.7366319,85967100
322.8475952,335.3529939,322.5339725,334.5101666,86215400
333.6967163,334.2357609,311.9102565,312.4786715,130614100
338.8713379,339.0771696,330.6585571,334.5003302,78842100
339.8808594,341.5861644,334.5102119,335.6764722,77515500
334.6767578,341.1352739,332.1384357,338.8517741,67407000
340.2924805,341.6351423,333.4517304,336.2350649,70609000
335.4314575,343.0562348,333.559561,342.9484138,71089400
330.5704041,334.5004088,328.2379133,333.059736,76936300
318.37854,331.7268257,318.1727382,330.5605656,89933800
316.8986816,326.5619453,313.5567127,317.5846976,116153900
328.306427,329.6687087,322.524147,325.1310795,64723400
324.6607056,325.8759862,320.1916861,324.2197016,69362700
317.9277039,327.9634201,317.4376796,327.6497974,66228400
311.822052,320.0740438,311.1164159,316.6830843,79802600
321.6029358,322.3869926,312.8609192,314.4779934,76471000
333.5301514,333.6477524,321.8479587,325.5427611,105243000
337.5679321,337.6267327,330.3155787,331.6190301,67810000
344.4772339,344.7712664,334.7355495,335.9018096,85446300
343.5195923,345.874641,339.1039209,343.6373687,73799100
350.2706299,351.1439658,343.6373313,344.0200072,63345900
345.2367859,350.95755,345.1779127,347.375956,70615500
352.9101868,352.9592677,345.0012328,347.1698092,53555300
352.6158447,353.9111153,348.2884838,352.8513376,57584200
358.0716553,358.1697873,351.3598392,352.6060289,56833900
364.2339783,364.8619692,359.2001086,361.986884,68073000
360.2107849,364.0279013,358.7192803,362.359747,68757700
355.7460632,360.7112372,354.9021639,360.357968,67011400
355.0690002,356.7959978,351.8700825,356.0110016,54527800
362.3793945,362.3892167,355.6479637,355.9128931,45950200
354.3330994,361.6336784,353.1850116,360.9173476,62738700
346.6399841,350.0940092,343.9905696,348.9851804,90077100
347.4642944,349.6721302,342.1556724,345.6391346,63777400
342.6069641,346.4731314,341.969151,345.7175719,61956100
334.5018005,339.2707107,334.1583535,338.3483237,66107400
333.0887451,341.1743186,331.7051648,339.2804938,72790200
339.8594666,340.9192144,332.7060715,333.4321945,61367800
332.0878601,340.46783,331.8719817,339.9477634,73519400
332.3429871,334.6489543,329.4973387,331.0281021,58560600
339.7711792,340.3501191,330.6650854,331.6953967,56515700
334.8157654,341.0467733,333.5891902,340.5855798,65500000
327.888092,341.3509833,326.9559128,338.7212131,75801000
319.302063,329.2716702,318.8703061,328.045095,82562100
323.4036865,323.7176969,316.3876829,317.663339,101755900
311.1969299,321.5197783,310.9221483,321.3333364,105819600
310.8240051,316.829313,309.0969775,311.2949909,111204200
321.8631897,323.7079638,311.5697491,315.8186229,99450000
307.3796997,321.0977255,306.7418867,317.6338788,91977900
312.5117798,312.7472727,303.8472349,306.9676353,115511800
312.8453979,315.1513655,310.0586225,312.5313875,78185500
323.4233398,324.1004117,308.0077518,313.3261649,116083400
307.1344604,319.1548986,303.817796,319.076411,154607400
303.4546814,309.1852367,299.3922503,305.1228355,139572800
291.5814209,303.5528056,290.1782262,297.7928138,113387300
295.1238708,300.0301726,291.0123876,298.8035971,124124600
286.3710327,298.3914727,285.4977265,292.8473574,140326100
285.6939087,290.2077117,279.6002911,282.0632638,120910900
296.2817383,297.3218718,288.5690167,290.178298,83684900
292.8473206,296.595742,291.561872,294.5252673,59190400
300.4324341,300.81511,294.9177269,298.7446654,62715300
285.6841125,296.5858991,284.4182785,295.8892128,79477100
284.1533203,288.8732095,282.1907999,283.8687764,79920700
283.2702026,288.2942503,274.9589271,287.6368227,91764200
287.9802246,288.3629005,281.9062222,284.3201137,63648400
281.8571167,283.4467531,276.9606388,282.7304525,73491100
285.8019104,287.8919998,280.149841,280.3558973,67144500
293.7206116,295.2808417,284.7126498,284.9972237,59462200
303.3075256,303.4547087,296.7527149,296.8704613,66985600
302.5029297,305.4957617,298.6269395,303.2781337,60968300
300.2656555,306.7910306,298.0382054,304.6518903,65341700
308.4886169,308.6652366,297.7143681,299.1372075,59291300
300.4618835,304.6518538,299.2058717,303.2388367,60914700
301.4627686,306.4966383,299.8927462,304.926616,51785000
304.0630493,304.8480753,297.0176093,298.1166158,44900300
301.8748779,305.878406,301.0211565,303.2584283,38342100
293.7892761,303.2584304,293.6224787,300.1772891,55900500
283.4272461,289.344245,282.9758747,288.1471062,85963500
270.2488708,277.0489967,269.3853571,274.5075365,94442000
270.7395325,273.4379983,268.2176863,272.456738,64697500
277.5003662,281.4548435,271.4263633,274.183732,86051400
266.3042297,270.8866983,264.2337551,270.4255048,81910300
269.5423889,271.9955396,265.4407281,267.079416,82703400
276.342804,278.6728864,273.9439541,274.0520858,51633700
275.9396973,280.3736669,273.2262038,273.8259086,67472900
280.0492554,280.9045879,275.5857624,278.4368809,57457800
289.6447754,290.0675512,282.6546182,282.8905637,58422300
287.5211487,291.5815177,286.3806954,291.0113061,54151500
278.761322,290.6672098,278.5745218,288.061878,61609800
279.0169373,280.5309911,276.1068323,278.6236847,57302700
275.5563049,279.1546248,271.1321456,276.018385,79313600
277.375061,277.7683135,272.3610091,274.2486631,56675100
282.1237488,282.2417216,272.0858301,273.6195364,61829300
283.9326782,286.0464671,280.7767866,282.5071339,63194700
290.0085449,290.7164116,284.7487055,284.7487055,56620100
290.3723145,291.7487135,286.2135941,287.1574063,59895500
284.1686401,288.1700231,283.2838144,287.9439187,55273900
281.4158325,287.3540455,279.813299,285.4270869,55797100
280.8358154,283.1953612,275.3006954,275.8709372,73939400
281.8385315,282.713516,275.084292,278.2205307,63741800
286.9509277,287.0590894,283.2247946,284.8470101,63818100
284.522583,291.1686628,283.3428252,289.7529294,59519600
293.2725525,293.5675144,286.5576759,288.1700204,55172600
297.9228516,299.1124503,292.9087989,293.6953341,67769400
302.1995239,302.2585103,295.7107521,298.3849114,55049400
296.9003906,303.349829,295.0619115,301.2655633,57127700
295.2094421,297.40187,293.1940035,296.9299488,40582400
289.4088135,293.754334,288.5928151,293.4987063,50074100
301.6392212,303.3400757,293.4299407,294.0001825,69304400
304.5885925,305.1686453,297.6475811,301.4228598,55139900
310.1433411,311.05769,304.7065429,306.1419582,57501000
309.9565735,313.4369204,307.2627618,308.363881,46358800
309.0324097,313.1812889,306.5843846,307.6461996,48676500
317.4481812,318.2740206,310.6644464,310.7234328,53735700
318.9326782,319.2472923,315.3638521,317.5267861,38973700
316.3273315,318.3722627,313.0239743,313.8104793,53894000
315.3048706,320.9678034,313.830151,317.2515113,43878500
311.7360229,313.6531703,310.1040265,313.3975426,39764200
320.4368896,320.7318516,316.632118,319.1194771,51459600
318.618103,324.7922618,317.9102364,322.7768235,45897700
324.8217773,325.0183886,319.6209241,320.6827091,40928400
327.4467773,327.9481917,323.8484575,323.8681396,38266600
326.6798706,328.7838182,323.6124588,326.4635772,41186900
322.9537964,325.8442496,320.8596895,323.5240382,47842200
323.7304382,324.9200369,321.2824134,322.9045989,41937200
317.4185791,321.3315119,316.6517262,320.6728207,51770600
309.0618591,313.3680448,308.2458609,313.1320992,51098900
308.8062439,311.657362,308.0492021,308.825896,39497100
309.7009583,311.5295962,307.7149833,308.3245293,38057100
315.1770935,315.1967756,310.4383502,311.4902941,38098300
302.2585449,316.0914226,302.1700653,314.8821417,69047700
299.2796326,302.0422719,298.1686722,299.4860849,48321900
295.9466858,301.5604727,293.4101816,300.9410858,51184500
294.2262573,299.7712183,294.1181256,298.8667102,50044000
294.3540039,294.7276043,288.0127281,291.719179,57990700
290.1953735,298.6307575,288.5731578,297.2445173,64666800
288.1110535,291.6012413,285.9678014,290.6770813,57005400
293.9312744,294.9340729,288.327328,288.5927968,49260400
295.4551392,296.7823928,290.4706098,291.8470087,55649800
301.9144287,302.415843,295.4551496,297.7262154,56125200
305.5028687,305.8371348,302.9860165,303.3006306,45905700
288.7501221,297.9130241,287.8554552,296.7135842,79562200
291.040863,291.9256889,288.1209167,289.9004095,54907200
286.1939392,291.5324173,284.5815646,289.1138854,65299400
284.4439087,284.8371612,280.8062552,282.8708685,79920400
286.6589661,286.8165558,281.7245715,281.7836639,52613800
284.3740234,286.6787169,282.0594712,284.1376238,51271100
279.2819519,289.5152133,279.1440797,285.2209766,82931000
275.8446655,278.7600004,274.6135239,277.7455409,62757100
271.3534241,273.6581172,267.9160568,273.3626252,74815200
270.2306519,275.273403,269.4328745,270.8806982,71176700
270.3390198,275.9825539,268.00475,273.6187679,69780100
275.7166748,277.006909,268.8321394,270.3193383,79652100
267.7683716,272.0822966,264.7840855,271.698166,81216000
263.2279358,271.038291,263.0703461,266.9410481,78482400
269.4032593,271.0086723,263.4937811,265.0105556,61267400
277.8735352,278.5826738,274.7808936,274.7808936,66696900
277.7257996,279.5281773,271.2647722,274.0816092,55766300
275.5393677,279.8926678,275.2143294,276.7212457,53489400
265.0401611,270.9988743,263.7006635,270.8708307,71354700
262.3907471,265.6311201,259.6625481,265.2371308,60393000
258.7859497,263.5923311,257.0918978,260.7065425,66522500
258.6972961,261.3565437,257.9980162,259.4261223,50580200
264.7643738,266.0940126,250.424025,251.3104559,112894100
256.8062744,267.7092714,256.2153505,267.1084888,77244300
265.2863464,266.1629035,262.7157076,262.814205,64576500
267.3842468,273.0277802,264.6855642,272.3580465,69781000
266.4090881,269.5509628,264.0256157,265.8575393,53115400
265.0499878,270.6935515,263.8779687,265.5128982,60605500
271.2648315,271.8065218,262.7945712,263.9370743,77897700
274.249115,275.1847646,267.8668661,271.5307447,63963600
279.9221802,280.3063108,273.7073801,275.1946087,59014500
273.7369385,279.6956818,273.2444818,274.2589413,63492400
268.7532959,274.0816806,268.231293,272.6141694,57760300
276.9772949,277.4500641,267.9554863,268.1229348,62651300
273.7566223,275.5393127,271.8261709,274.7119893,47742000
270.9594421,277.8144593,270.5950291,277.2530516,45895900
261.6717529,274.0127151,261.6028018,270.9299317,79803100
256.5600281,260.5095396,256.1759276,259.0420286,70038900
260.6868896,262.5877654,255.1713682,261.5240721,78313200
263.552948,264.0946684,259.5936073,261.7407111,47333800
265.4734802,268.7335401,261.5141104,265.079521,63213800
259.3473511,264.5082866,259.0617178,263.7203681,64862100
278.4842224,278.7796844,269.7185005,271.8459167,99256700
283.6156311,284.285395,276.9477788,278.2971052,66961800
281.1336365,284.8467486,280.1487232,281.5472832,55290700
285.0240479,288.8356572,281.6556315,287.8014803,73985400
281.1336365,285.1126944,280.306313,283.0542293,48859800
280.5131226,282.0003511,276.4848312,276.6424209,55462100
280.5229797,283.6451377,278.0606968,283.5466704,53588600
277.6371765,280.2865652,276.7999943,279.1243749,40083500
281.6359863,281.793546,276.2287916,278.3759255,41873400
284.4626465,285.0929753,281.4783606,281.6556378,46390000
282.5912781,283.5663324,282.0988215,282.8571938,15498800
278.4447937,282.6306747,277.5091442,280.6017559,38714200
276.3370972,279.0751546,274.9582247,278.6713366,35618900
288.9341431,289.0424992,275.74617,276.6030397,74718100
289.2887268,291.2880995,286.4915767,289.2591806,51547300
288.136322,289.0227679,284.0095336,284.1868408,53583200
283.3004456,287.2794732,281.8329045,285.9990981,41482100
277.4302979,283.2806837,276.0317382,283.1428115,53937600
276.297699,278.3069303,274.5741009,276.2386066,45614300
279.567627,280.5426814,275.5688816,277.6568929,42594900
277.7849121,281.3306054,277.3416892,278.5432844,47860500
281.2714844,281.3306068,276.9181851,277.9621906,35732500
284.2952271,292.4010746,281.5965741,292.1745337,80667700
282.1874695,287.0135378,278.9175507,283.7042141,64984400
272.712616,278.7402796,271.5110207,278.0705158,60554100
270.1124268,273.5793102,268.4971548,272.0330194,68300400
266.3163452,270.4727476,265.0723741,270.3838968,44167900
266.1090698,267.8664112,263.5520412,265.1415333,51064200
269.9692688,271.282326,266.3064717,267.1555404,46394700
263.364502,267.0667693,259.1192173,266.9384192,60278400
263.9567871,264.6281544,260.175552,262.0908604,39373600
260.2249146,263.4533105,259.6819275,263.344695,38009000
256.7892456,262.0908871,256.4239601,259.8201754,47139000
263.0485535,263.9963254,258.9118845,259.6128387,45893600
262.890564,263.018914,258.9513617,260.2644191,37858300
261.1135254,266.7113368,258.7934318,265.2304299,42335300
262.3574524,264.0457079,259.1883201,263.2460206,47754900
258.2503967,260.8469249,257.9344928,260.6791057,45396700
265.378479,266.5039826,257.0261733,259.9978692,54659700
267.096344,271.7858819,266.4842407,267.3826309,45568700
269.3571777,269.4657932,265.5463255,266.0596957,35247800
274.0170898,274.1257053,269.643486,270.433321,44077000
275.4980164,276.5346692,270.2556087,274.5798614,60600000
277.3935547,277.6403725,272.6447832,272.9804518,44802900
277.9563293,279.2496521,276.0212562,277.1961113,36269700
274.342926,281.0662405,274.1356075,279.5063351,47754500
271.6476135,273.8492387,270.4036725,272.7040007,44150400
279.0818176,279.4174862,272.2005361,273.2668059,60613600
285.2817993,286.515888,279.1311207,279.9308078,52799900
284.6993713,285.864344,283.1296139,283.6528663,44875100
284.0675049,284.6894603,277.6008615,280.1578899,50872000
289.6061401,289.7838417,284.8474856,287.5131299,51596300
292.4889526,294.4634949,288.1647003,288.283168,56441900
286.5752258,290.6329265,286.200088,289.2013711,49405800
290.869812,290.9685451,286.5060905,286.6146759,46705100
297.0896301,299.5676601,288.579328,290.6624857,67562200
307.7521667,309.6872098,302.8256933,303.6549975,83070600
302.2826843,308.4136601,300.6635752,301.0584777,76170800
299.725647,302.0161233,298.3730903,299.6466785,40802300
305.9355774,307.0709331,298.4718102,299.5972836,67584000
300.495697,305.5604025,299.8046253,304.6126307,56720900
297.8399963,305.0569471,296.3788541,304.9088624,49137800
295.8852234,297.7314159,293.4663966,295.6680225,50050100
300.624054,301.2164226,296.1122177,297.2969551,39636700
302.8454285,303.8030827,297.0797685,299.0345762,64079100
305.1655579,305.3333771,300.3279346,301.0190064,43100600
299.4393311,304.5040369,299.2912464,300.5056008,59498600
297.3265686,298.0867565,294.3055214,297.2377178,58230700
290.2873535,294.9275403,290.1491512,293.4762504,46526700
290.5045776,292.5877056,288.8360867,290.8698632,51389200
293.0418091,294.3351318,288.8261423,294.1771648,69294400
288.1350708,289.2408096,286.3579648,288.04622,74332000
290.1984863,292.7160157,289.6061176,291.3141076,48995000
289.8233032,292.3507148,289.2309345,289.5666031,48243100
287.4933472,290.1885779,286.5060761,289.5271232,58287000
289.8726807,290.6822503,284.6993893,284.9857063,53565900
295.8654175,296.102383,291.1166456,291.6300458,60511500
296.2011108,300.1304613,296.0036747,297.1094137,56736300
292.5679321,297.1785017,291.9558288,296.2504644,65955800
294.0291443,294.6313653,291.1265643,292.9924913,50876300
288.9347534,297.1488559,288.1153016,294.5325635,71456700
284.8771057,290.603297,283.7220152,289.1026254,98593600
286.9898682,290.7217521,281.5598766,283.0802826,97123600
293.5848083,294.1376778,289.7147224,290.5637611,73602500
295.1249695,295.4606381,289.507394,290.9586839,83631500
302.9046631,303.2699486,293.4071193,294.2068066,98198100
301.473114,305.2148802,299.508454,302.8158185,89923700
302.5429688,302.8692593,298.6273314,300.8521301,56359500
306.8640137,307.318853,302.9681415,304.4909011,49757000
302.6913452,311.7190909,302.5232662,306.7948577,75791900
306.2806702,310.6313823,303.571369,306.4487794,74576000
307.4079285,307.5067843,303.5120555,305.8555058,57195200
305.3017883,309.1976613,304.4415375,308.1099757,50287400
303.6801453,304.7480658,301.35646,304.718403,48585900
309.2174377,309.8403864,306.5773293,307.39805,53274300
312.1442261,312.7770723,309.3063763,311.7091519,58354800
317.3354797,317.5728122,312.0651906,312.3717161,62138100
316.5641785,316.8311737,313.8647749,315.1996302,47126800
315.4962463,318.0275705,314.2701145,317.0091083,45875400
312.3815613,315.4863761,310.5522761,314.537137,62795700
314.4877319,314.9821318,309.3163288,310.7204075,46916500
314.3096924,314.3591505,309.7414435,311.5410659,45134700
312.2925415,314.3294963,311.7783766,314.2701406,40113600
309.533844,314.8535908,309.069107,314.260305,62813300
315.5951843,316.0697888,310.117226,311.3037675,54613800
315.0018921,316.7718216,312.0750236,314.0328576,56278300
315.2688293,315.6248129,312.5002028,314.5865553,43007000
315.2886047,317.8199593,314.0822983,317.3947526,46746900
315.1402893,316.2082097,312.7375137,312.8660625,38960100
312.7375183,315.6940193,311.4421933,312.1541302,62462100
313.0638123,313.8449724,310.5819459,312.3716707,59002300
312.4111938,314.1811231,310.2259254,312.8363704,44043100
306.5179443,311.4421767,306.4190885,310.7698002,57121600
308.3769226,311.4125446,307.85286,309.9293452,55400500
316.7619629,317.2662302,311.5213068,312.1640507,65430400
318.9472046,319.0361929,315.3875199,316.5246334,59652500
318.5813293,320.0052031,317.4936438,318.4824434,41013400
315.8028259,318.838448,314.0526313,318.5121272,56519400
313.7362366,318.8582113,313.6274529,316.1686752,59882100
312.6287842,314.665709,311.5905265,313.5088001,50224500
319.2735291,320.1337799,312.6683245,314.9030214,51776000
320.0644836,320.4105695,317.7210339,318.8087193,36465800
318.0375061,319.2636079,317.721083,318.3934595,31768800
321.4983215,322.3585724,317.9979624,320.4897266,60446600
322.5464478,323.0902755,320.4897276,322.0520479,44278500
321.3894958,323.5055412,319.3229085,323.0803345,48396200
323.1298218,323.367124,320.3315021,321.8641595,33375600
323.4956665,325.2161681,322.3684205,322.407981,40019200
327.4113159,327.9947041,323.3770269,324.5635683,47486100
333.4924316,333.7099688,327.7870688,327.8068339,64213500
332.7409363,334.4218774,331.6730159,333.7099405,61462400
333.8583374,334.8767999,332.4739937,332.4838914,43015900
329.6262207,333.2847913,329.2702673,332.1279127,48216700
327.9353943,329.1812915,325.8688067,327.6585316,62891200
335.914978,337.1905379,332.8991515,335.3414876,66862800
344.4977417,345.3382273,336.8444432,336.9433292,63007000
346.0600891,349.9658294,344.6263176,348.7594927,72652200
344.0923462,346.6731287,342.6289422,344.4680948,65105400
348.0673523,349.4022076,342.7772685,343.8352913,50488600
350.6777954,351.8445718,348.06738,349.8373097,53293500
350.9249573,353.4958422,349.8867298,350.4602203,47266200
350.8656921,351.8347267,348.977081,350.3119667,41390400
344.9131165,353.1201418,344.2802702,351.1524401,69225900
349.1945496,349.6592865,344.9822841,345.2096886,47153900
350.5294495,353.6540597,349.0759129,350.6579982,53155900
356.4523315,356.5512175,351.2216038,352.2005057,44606500
359.1913452,360.0318007,355.9975117,359.221008,57097800
361.8017578,362.0885181,356.3831555,359.2012101,69525600
366.112915,367.6059818,359.9032553,360.5261737,71138800
363.8090515,368.6739591,363.3641098,368.5454103,80875900
363.288208,364.6942427,360.3078592,362.347578,49204700
358.3374634,362.57533,357.4067143,362.1396589,53378300
362.5654297,362.7238281,356.6739895,357.0799571,47603000
358.9711304,361.2880916,357.268061,358.644362,48873900
354.1589966,361.2485173,354.0698862,358.4364778,52685500
360.2484131,360.981149,354.9808066,355.7135123,49428100
360.9514465,362.9119359,358.3374204,358.4166498,46498000
360.2285767,361.2979618,358.5750334,360.6543364,46151000
365.7834167,366.8428606,363.6149728,363.9317998,58668800
366.6448669,367.2785511,365.3378538,366.4270314,19432900
366.6349182,368.3478988,365.0308705,365.0704852,34460900
363.8426819,364.2882641,360.9316211,362.9020519,49374700
362.6346741,366.8329555,362.4069576,363.6149489,47083200
362.75354,363.4367501,359.832598,362.3574837,48498800
364.5457458,365.0012091,361.0306739,363.1793257,38214100
369.1499634,370.5064723,366.6547509,368.6746776,61975400
375.4176025,376.2493299,371.7639249,372.3481132,46960000
375.3384399,379.0911094,374.4571866,375.8533102,55097800
378.8435059,379.724759,375.5760037,376.0611704,40868900
381.942749,383.3190803,376.2592635,378.1999607,55343400
381.8536377,384.160718,380.5169211,383.0121335,54093000
373.0511475,380.3188882,372.0213769,378.8435353,71941700
371.9323425,376.1801207,371.4966714,375.4473846,60439400
372.5263977,373.8630841,370.6549884,372.9125428,40380100
375.051239,376.7246049,373.2194446,373.2392671,38894400
373.8036499,375.5067193,371.4866887,374.0016932,47075700
372.9125366,380.9228948,371.6154347,379.2990547,63940200
379.7050171,380.7347575,376.477099,376.9919692,56902900
379.9030151,381.0912143,378.5762098,380.011948,44019900
379.0217896,379.7841987,376.9424561,378.5465038,41060600
370.7045288,375.5265838,369.4569225,375.5265838,72687100
370.1104126,372.2491531,368.1102782,368.278618,47666400
368.377594,374.3779361,367.8726048,372.0510638,61646200
371.496582,371.5956037,367.8528157,370.1994803,37230400
368.3379822,368.9914887,365.1892938,368.9716964,44726500
364.288269,368.7835854,363.5258599,368.6251568,51150900
364.9616089,370.6747983,363.4268791,367.3181851,72035300
362.6346741,364.3773581,361.0999446,362.3871351,48683800
366.7042236,366.8230375,361.1098491,361.8326436,42130800
362.8129272,366.5260118,362.1395983,365.7239577,45539900
358.9711304,363.812977,358.8721087,362.2683362,53190500
355.0500793,360.7236834,354.6342308,360.3771228,62604300
354.6045227,355.871921,351.2181764,351.7627802,61119500
360.3177795,361.0009896,355.6145383,356.0799129,50696500
359.802887,362.9515757,359.1097657,362.9416645,44613500
365.4764404,366.5755292,360.7731998,360.9910353,51770600
357.664093,369.0706774,357.4561688,368.971686,66842500
360.4365845,362.139654,355.0501333,358.5057984,69960500
363.1495972,364.0902272,360.6642961,363.3773137,40910000
371.0807495,371.4372214,362.6248391,362.9515773,58492400
373.1501465,373.7343651,370.1796787,371.1896571,41731500
374.269043,375.9820237,373.1600731,373.2293913,35730700
373.8729553,377.0810507,372.3778103,376.6552909,39772400
374.3482971,375.5760809,372.1303271,373.0610762,32344200
371.0510254,373.9125905,369.031129,373.5660299,42998700
368.3973999,369.1796315,365.5160426,366.5656055,52060700
368.9122925,371.1599658,367.941959,368.3479266,35800100
373.2590637,373.7739339,369.9816502,371.9619619,39936600
369.1202393,373.2392916,368.8330856,371.5758066,41391000
370.5262451,372.1402041,368.2191951,369.3578684,46300700
373.5561218,374.5462778,370.2094201,372.2887234,48039400
367.159729,372.615498,366.2190688,372.2095304,69757700
367.54245,368.6629506,365.9261547,366.2137241,36903500
366.7591248,367.5623097,363.7149384,366.2137628,37621700
361.4739685,368.1870171,361.3946244,367.8300595,45514200
354.8501282,358.5586927,354.6815749,357.7654031,69584700
354.8997192,358.7569858,354.5824034,356.605254,51589700
356.5853882,356.6746578,352.9363471,353.9279363,39168000
351.230835,354.5328443,350.2392457,353.987452,53657700
352.0538635,353.9775491,348.404792,352.3910002,56066000
354.9988708,357.1407072,350.2689708,351.1316486,56453300
355.2566833,359.8973442,354.0171967,358.4991997,64754300
358.2215271,359.6295668,354.9096228,355.5244032,51625100
351.934845,357.9736194,350.3086242,355.7623647,60478500
356.7242432,357.5769954,352.3116588,352.7777069,54786700
355.6731873,357.1208992,352.1530572,356.714344,45897400
361.6325989,362.8324134,351.8654391,352.6586983,74959200
363.4769287,364.0222907,357.7455444,359.2527491,45304800
365.4898987,368.1572763,363.3084204,363.8141103,46968800
368.0977783,368.2861827,365.093264,366.8285452,38215100
366.818634,370.596587,364.4090792,368.603513,49587900
362.2077026,368.038252,360.7996327,367.453218,52469900
366.303009,367.3640169,363.3877341,363.5364664,44201100
365.1031494,366.808684,360.601326,362.7332367,50999100
360.3137817,364.8156054,358.9751302,362.5944552,54280500
356.9424133,362.9415167,356.1392284,361.7417021,72274200
351.6175537,357.0118016,351.3894773,356.4366629,72369800
352.6785889,356.2383909,348.1668393,350.288855,60665200
356.1094666,356.882905,352.797562,354.5030967,47082100
347.3933716,353.8783737,346.8083376,353.6998949,71190500
340.7695618,347.1256524,339.4705823,346.1836305,78621400
342.4056702,345.9059789,341.1860045,343.5162452,63476700
346.2630005,347.5917265,343.5361299,344.9044977,55298500
347.9188843,348.295693,343.7046303,346.2926938,47671900
353.9577026,354.5229158,348.6626195,348.7617845,58992700
360.3831787,360.6211504,357.2695741,358.4991653,58162400
364.6172791,365.9162586,361.4541069,361.6821833,53239100
366.1046448,366.6698579,363.8240017,365.3906993,38848700
369.5653381,370.4379113,365.946013,367.1557532,50777400
369.8033142,370.6461712,367.5028198,369.942121,35663400
366.9574585,371.6476565,366.4616638,370.4974395,53859400
375.207489,375.3562214,368.1572734,368.6927401,58309800
374.037384,375.0983918,372.0839519,373.6209335,40733500
382.0890503,383.0112512,379.9571396,380.4826806,67792600
382.3766479,384.4887379,381.0082499,383.9929433,54141400
382.7038574,382.9418291,380.3339447,381.6031777,45343500
382.7931213,383.8144571,381.0578402,381.9700853,46571900
387.4535522,388.1179303,382.8029965,382.8029965,44429600
385.2026672,385.9562847,383.4475652,385.7381339,43337000
386.7793274,389.7640209,385.7679172,387.2850476,44121000
386.2339172,386.9676836,385.2324025,386.372724,15718800
385.8968201,387.8601475,385.0142911,385.7381621,34139700
386.9081726,387.4932066,384.7861573,385.1431451,35491100
386.5314026,390.825001,386.1843403,389.3871845,38811700
385.5596619,387.2651967,382.5749986,386.7991485,52834400
386.6603394,387.255299,382.8228936,384.4887563,40440500
383.0707397,383.3483835,379.4415197,382.8426633,51186900
384.0325928,385.2324072,380.9784811,381.1569901,42933000
381.8114319,387.086694,381.4643999,386.987529,41994100
387.1461792,387.9791105,383.7053633,384.8060431,49593500
388.871582,389.3177791,385.2126152,385.4010195,46623600
392.1933289,392.4610773,388.2368978,388.4451231,41198000
395.316864,395.4358499,391.0926845,392.233006,39221200
400.3442383,400.9590188,395.485457,396.2588954,55408100
399.9972229,402.8827211,396.9728574,401.5738463,55447800
401.9307556,403.1206747,400.1756537,400.7805085,62598000
404.4623718,405.366524,401.9983382,402.3262029,46610000
406.5290527,406.6482763,404.7306937,404.9194744,35711900
400.4881287,407.8306245,400.3092934,405.7242613,54042400
405.1479797,405.5156261,401.8692113,404.4425536,45568900
405.7540894,407.3338619,403.8663126,406.3700979,34292400
408.2380066,408.9136268,406.5191197,406.6184828,22722500
409.0690613,409.3573566,407.6574366,408.5223225,31980500
408.8702087,410.480664,408.51235,410.2321409,27029200
407.100708,409.2082094,405.1721663,408.8503203,42633400
400.2116699,403.6909934,397.8755466,403.4424703,58026900
395.9768066,398.6310467,395.5394339,397.5673605,47002800
393.9389343,397.2293777,393.7202328,394.0979928,39432800
394.406189,397.1995864,393.0045149,394.1079734,44867900
402.5577698,402.8460348,395.4897563,395.6388641,42473800
403.3529968,404.2874461,399.336855,399.5356856,39132900
406.0867615,407.1007248,402.776447,403.6711241,33962800
406.9317627,408.7708399,401.8519343,407.3691658,54536200
407.1405334,408.8205522,405.7388593,407.9755675,39581400
407.100708,408.6912619,404.426597,405.8978647,43903000
404.8043518,405.1821118,400.5397173,403.7705176,54386000
410.5502014,411.1367123,406.742841,408.094792,59562500
418.6918335,418.8508919,412.1805404,412.7670512,70268500
419.2386169,422.2208943,418.6322048,420.908685,44880600
420.978241,421.1969425,418.0854286,419.9344258,33003800
423.3143921,427.3106633,422.8173458,424.9148968,46948000
423.8313293,426.5054405,421.4753351,425.8294346,44367200
421.3063049,423.6921207,420.6502003,421.932588,37137000
425.6206665,425.8194971,421.1074784,421.763583,38694700
422.7875061,425.153451,421.872958,424.5768907,36739000
414.5067139,420.371853,414.3277845,418.3637973,64010600
419.3877563,419.8848026,415.3417925,416.3160141,51008600
426.4756165,427.6983308,420.2923601,421.2963729,59582300
425.9189148,427.0720353,422.4892838,426.5352472,39889200
425.0640259,427.6784941,422.7080314,427.0720819,35846100
429.4379883,430.2730223,426.5551262,427.8673356,37712700
430.2333069,430.9987472,428.871405,429.5573009,29889900
434.4680786,435.2633707,430.581204,431.3764658,36943900
432.7681885,436.5457579,432.0822623,434.3587424,33203300
426.0183105,428.7222432,422.8173316,424.755824,64491700
430.6607361,431.0881886,426.3463785,428.7123234,45092700
431.9431152,432.4103399,428.7818782,431.3566043,38796100
428.0263977,432.4202694,427.3106499,432.3208844,53661500
424.7955933,427.5392678,420.9981528,426.0183076,53999500
423.0956726,423.1851676,419.1392041,422.041937,50179700
435.4820862,436.5258711,431.1478273,431.9232182,53887800
434.1997375,437.9872277,433.2155956,437.0527783,39853900
433.9710693,436.0089772,433.7821893,435.0148847,33043200
435.0148315,435.4025118,432.4600068,435.0844253,33713200
432.6986084,434.0903621,431.7343375,432.8576668,32938800
436.4066162,437.4901734,432.4501171,435.6411759,42495200
442.9775391,443.94181,437.2416363,437.3012794,43809200
441.3969421,443.4050284,441.148419,442.9775456,34325700
433.473999,438.3450763,431.0881832,438.3351256,57917100
436.1978455,439.3789232,434.3090758,437.7188057,46234500
442.818512,444.0809985,438.2556007,439.8064129,44526700
436.4264832,445.9896786,435.7505075,443.1763798,71954300
434.8060913,436.0685777,432.867599,434.9253775,45860000
441.0390625,441.3969212,433.8815847,437.1322864,55300900
437.649231,440.0549482,436.5259016,440.0350469,37928700
436.5457764,439.4186878,433.8120221,438.89182,52195200
431.3566284,436.2773681,430.1835762,433.4939212,73038800
435.4706421,439.0142884,435.2317238,436.7149008,47323800
436.5556335,436.963754,431.3396805,433.4499687,43004100
441.7316895,442.0701241,436.0479248,437.7600258,43653500
443.822113,447.2761765,443.6230499,446.8182978,39345700
444.3297424,445.4346295,442.4484088,443.3044745,28229300
442.7171936,444.210304,440.507389,441.5127294,27789200
441.2838135,445.1758583,441.0548589,444.2501067,34142000
442.7868347,444.4890024,439.9001608,444.3894556,41359200
441.9706421,443.5931603,441.6122798,442.7370945,36839600
442.906311,445.4744475,440.9851526,442.9262082,38729000
439.0839233,439.4024608,436.0180835,438.0586554,44259700
440.069397,441.960664,436.9338713,436.9438047,39949800
433.3404236,444.8971132,433.1114691,444.2799354,57267700
438.4468994,441.1345103,433.9576044,434.7738453,54723000
438.5763245,440.4675917,437.1827608,439.3826017,28144900
440.198822,441.2041624,435.4308143,440.9254496,39521600
436.3565063,437.2225055,434.2761096,434.9928038,61502200
443.3243713,444.2799535,435.9484025,438.2378566,45474600
436.257019,440.2087861,434.8734191,439.0740379,53602600
429.0801086,440.1191678,428.2340067,440.0295849,63453600
429.1199341,431.7677202,427.7263705,428.9208405,47619000
423.8840637,431.1306246,422.9483788,431.1107274,56880500
421.4652405,426.2730425,420.8878875,424.5310804,46549400
412.7454834,420.8082857,411.1727538,420.2807213,75136600
416.8963623,419.2455082,412.0387713,415.393288,47807700
423.1176453,424.3220792,416.9461099,418.8373771,44384700
424.5510254,427.756237,422.2516378,426.2332656,48440300
422.5004883,423.3664875,416.2194729,417.3143962,57392200
429.0203552,430.5632237,424.9591086,425.6558752,41874900
430.7623596,431.7677304,428.0050933,431.1406191,30022200
422.6398315,430.5732261,422.5602124,429.1696987,43665900
419.5839233,428.1643567,418.727888,421.2064415,52251700
424.939209,425.8450329,418.6980185,423.3465518,36559000
433.4798279,434.4752348,430.6329482,432.4445962,48515300
438.2279053,438.3174883,434.5150265,435.2914426,30227200
438.2975769,439.9399922,437.5609551,438.6758364,30996100
438.0387878,439.4522791,435.5403066,435.659781,24896700
438.9943237,439.5716767,436.4460846,438.3074906,24580100
440.0296021,442.2692677,438.4767696,440.5074083,27116600
441.0448914,442.0502621,439.6214667,441.9507153,22994200
443.8817749,444.4193031,440.4277119,440.6168416,34478300
450.8197937,451.0686454,444.8473521,446.3703235,41464700
449.9040222,452.6015664,449.7347897,450.6306498,34780400
449.6850281,450.6406102,447.4752236,450.0333962,35803700
452.8205872,453.4874928,449.7149223,449.904052,24474200
453.7064819,453.8956117,450.7600858,450.9591794,23167700
453.6168823,454.7217998,450.9989572,453.9652808,25120000
451.5763245,458.4645236,449.7746403,458.4346626,40899200
455.8465881,457.1207077,451.4867012,453.1988022,29651000
457.5686646,457.6283865,454.5924075,457.0709611,26216800
454.3435669,456.1352873,453.2486131,453.3879847,29739200
449.4759827,453.5472237,448.142141,453.4078522,30714100
448.6398621,450.4017518,441.0250049,449.7049548,55941300
451.0487671,453.487496,445.8427777,452.4821556,32997500
452.2830505,453.4874844,449.0579417,450.7899401,23767400
461.4009705,461.4805896,452.3228642,455.8764742,33817400
461.2416687,462.4063081,460.0670959,462.0877706,21966800
460.8335876,463.6008177,459.7187367,460.8734124,25829700
462.6949768,463.0533391,459.4101462,459.6988227,20719800
465.8703308,465.9898052,459.9078531,461.4109273,22053300
471.9721985,474.3114109,469.1253492,469.8221158,34532600
474.5303955,476.1927385,472.2409717,475.5258024,25859000
476.9890442,477.05873,473.8634519,474.3312943,23372600
482.8320923,484.6238126,475.9438932,477.2578073,37054500
482.9813843,483.6682175,481.2095612,482.7823211,24438600
479.2585754,484.6039058,477.4170665,484.1858519,33918700
477.9745178,480.3236941,476.4714739,478.9798886,39432900
472.5329285,478.4849544,472.3933658,476.7402235,37751000
477.936615,478.2356995,473.6894319,474.6365837,29250200
478.923645,479.4720073,476.6903992,477.1091176,22737100
480.1598816,481.645416,477.8568393,478.6743776,26222100
477.6674194,485.7330878,477.0193826,480.9575016,34881600
480.4689941,481.0372548,474.8260323,478.5946498,24898300
485.5137634,485.5735803,478.8339243,478.9635377,26723600
489.5615234,489.6911369,484.7560288,484.7560288,18064900
494.6661072,495.1047848,490.1098598,490.4089747,28495900
495.8425293,496.4008407,494.0080731,495.0349706,22109400
496.2712402,498.4945368,494.7458482,497.3679343,25614500
501.4456177,502.0039291,496.8894007,498.2054032,28046900
490.448822,501.764654,489.2524534,501.5552948,49966600
493.3301392,498.1156745,490.5585108,491.0270968,37109400
494.6561279,499.5015107,492.6023329,495.1147344,31151400
494.8455505,496.9392337,491.665153,496.1216953,25950600
480.3194275,487.3282596,480.2496614,486.8098363,56268800
478.0462646,484.2475377,474.8359587,484.068087,49347400
473.8090515,480.2396429,472.512978,477.7072822,42042900
480.8677673,481.8946648,476.271632,479.7112564,40300000
479.1728821,482.971408,478.6943468,479.960512,23282500
461.9848022,472.7622517,461.1174266,472.3933706,58818600
456.8901672,466.5310649,454.2581319,462.3237698,59256800
461.5760498,464.5271291,458.3856725,461.257006,39992100
462.5032043,466.5011401,460.2300706,464.3077521,28218500
456.1524353,465.1552459,452.7826072,464.4473922,41317200
469.6516418,471.3664642,465.0056692,466.4612647,44552100
458.276001,474.1181415,454.6070885,470.3395748,56653900
447.3988647,452.2043596,443.1317526,449.5324361,66323200
434.0591431,440.9583211,422.1750499,423.4312355,87483500
438.206604,445.7239101,433.2515671,435.9135413,63164400
433.460907,447.6480717,433.0621175,445.1456196,54929200
446.7209167,447.6381297,435.8337823,439.7320134,47890100
449.053833,450.6988588,444.2682674,445.3948699,33574000
450.0209351,453.0019227,447.1994389,450.0309147,27795000
461.1871948,461.4564013,454.3079763,454.4475693,40084500
461.3367615,463.7095699,457.0197818,462.1144117,34733700
472.9915466,473.3903362,466.9697244,467.3485851,38280600
473.5997009,474.9755507,470.2298731,471.1969537,38383600
479.8209229,479.8608109,471.9447152,473.7393138,23737700
478.8139648,481.4858882,477.1090917,478.9036902,29209300
481.0472107,482.9115753,477.8767929,479.6015644,25658800
473.4202576,484.078073,472.3833804,483.3801685,37739600
478.5547485,481.2864888,473.848959,477.7970271,36061500
473.908783,478.9336164,471.8150998,478.0064239,27452600
475.3245239,476.4012587,470.2897108,472.2637601,27510000
469.9307861,475.5836969,466.4812126,474.8559144,37372400
469.2428894,476.4909891,467.956765,471.854996,41081500
474.835968,475.464076,469.0933317,473.6096909,33466500
460.4195251,471.9048284,458.0267574,471.7752454,44985200
459.223114,463.0515788,456.3518111,457.2889832,32505100
459.651825,463.9587944,456.5611529,457.5880504,34452400
447.3390198,459.8312914,446.8405252,458.9439565,50624400
453.0916138,454.0886028,448.4656006,451.6958353,32981200
457.2790222,457.7874964,450.8683896,454.8662952,29680300
467.2089844,467.9567261,449.9211986,458.5252186,57843000
471.795166,472.6127044,465.4443505,467.2389187,40175500
473.908783,475.0952024,470.8280904,471.0574088,29111800
471.815094,472.4332223,468.475205,471.7652567,22585600
472.0643616,476.1620026,469.55196,474.8559493,30084400
470.0205383,477.3882719,469.4123592,473.2707325,39909200
481.9046326,484.7660168,479.0432787,481.1568907,52782500
480.9873962,482.2336325,476.859847,481.0372335,34577700
482.2623596,483.3605948,480.8246754,482.1725082,24843000
484.5885925,485.5470385,479.3969823,483.6800539,25952600
485.0378723,487.004702,483.7798911,483.959594,26549900
488.6820068,492.905208,485.0179017,492.5757222,32020200
485.9663696,489.8501217,484.778283,489.7103324,22851100
487.2842407,487.6236897,482.142538,484.997919,30281100
480.4951782,487.2143544,476.6314135,486.9148495,42735400
481.1741028,483.1009883,476.9509019,479.5866358,23744000
480.8146667,483.7698928,478.2188465,478.967639,25337200
486.5354614,487.0945574,481.6134056,486.665257,30686600
481.3238525,485.7866573,480.0958218,484.6085644,24975100
488.5122681,489.2011597,483.0710603,483.8797538,28272000
492.3560486,492.9351319,487.1644386,488.212736,24995000
491.7969666,493.6739448,488.7418953,490.0597776,25750400
492.5657043,493.5940754,489.3808681,489.9499273,20644500
496.6990662,498.0269116,494.4626821,494.9718404,26060100
490.0597839,497.6974621,487.893264,497.0285273,34784500
490.1196899,490.898433,486.7850706,490.3892443,22996800
490.459137,495.6906913,490.399236,495.640784,27210700
493.6739502,494.7721854,492.5058204,493.2646066,25335000
494.6224365,495.4311301,490.5190374,492.4559166,30336500
495.1615295,496.6491515,491.1779629,491.9367491,26685800
487.573761,493.4542931,484.2690923,492.795352,39346600
491.5274048,492.2063027,488.6520365,491.3177209,22024900
494.522583,499.4745893,493.6340012,494.3428801,38762100
494.6024475,497.7174197,494.3029427,497.6575188,20477800
499.3547974,500.542884,493.0549583,494.9219429,28014100
495.5808716,499.5444814,495.0916702,498.5860355,29756000
483.0710449,491.6372184,482.9711998,491.5873111,41245200
486.6452637,489.959926,484.4188733,484.7183782,33655800
485.2275696,488.5921393,483.4703933,486.0362631,23291600
491.417572,492.0865068,486.7351201,486.8249716,24353600
504.7660522,505.5947331,498.795699,499.7541449,43082200
512.7131958,513.5019629,507.5215859,507.5814869,32853100
513.3123169,514.0910295,511.5850605,512.2140512,22924500
513.0127563,514.7499452,510.0974441,514.5402614,24167500
512.0842285,513.8314112,509.0092005,512.9428903,25835300
511.4253235,514.1509089,509.1290385,511.5751064,24567400
507.8710632,511.9644383,506.9525309,511.0858806,28679500
495.7705688,502.5196651,493.6939004,502.1303088,51461100
499.2149963,501.3316089,495.9303149,497.3280549,27192700
502.6494751,503.138707,496.2797413,496.6192208,24523000
502.3599548,502.6694533,495.7605805,502.3499612,29565500
504.1670227,506.1438155,496.7589551,505.4249735,34526700
504.9757385,505.7145375,501.9705746,503.607949,23826600
505.7744141,510.6266056,503.4481786,509.0790827,26375200
508.4900513,509.3187321,506.4134133,507.2620205,26557100
504.4864807,507.4217499,501.1219111,507.3518858,24957400
508.919342,509.5183822,504.4964814,505.1154783,15334000
514.4603882,515.4288582,509.7979237,510.1873104,25147200
516.0379028,516.3174813,512.5435374,513.1226207,18597900
522.4176025,522.6771937,518.7634607,519.4823333,26086200
520.9699097,523.1963,520.5805229,522.4674947,18169600
525.6323853,525.8719891,521.5090294,521.638825,23762600
521.5390015,525.5025807,520.3808349,524.7038809,20674400
519.7618408,524.5341746,518.3241567,522.7769983,24350000
529.0668335,529.7557251,523.7454585,524.1547716,32168600
525.6524048,528.1084664,525.173197,526.8304978,23577500
529.6759033,532.3116067,526.451062,529.6060087,28780400
537.3035889,538.2820526,532.1419291,532.2218173,31979900
534.9373779,536.6146659,533.2700836,535.4964739,28579100
515.6384888,536.0156642,514.1808783,534.2884688,54703200
513.3422241,520.9200318,513.0028056,520.3509422,46441800
517.8249512,523.9750679,508.4700718,509.6182143,60530000
522.8699951,523.25,516.1300049,519.5499878,29672800
529.960022,530.0499878,524.1900024,524.8300171,17558200
529.5999756,531.2399902,526.3099976,528.3200073,19090500
522.5599976,526.4500122,517.8599854,526.0100098,33839600
515.6099854,519.3599854,511.8299866,515.5100098,34584000
